Workbook

Sheet Participant Intakes
A1: ID | B1: First Name | C1: Last Name | D1: Age | E1: Sex | F1: Civil Status | G1: Highest Educational Attainment Prior to ALS | H1: ALS Learning Strand Currently Enrolled In | I1: Length of Time Enrolled in ALS | J1: Have Taken A&E Before
A2: P01 | B2: Jelaiza | C2: Pilla | D2: 18 | E2: F | F2: single | G2: Grade 8 | H2: LS1-EN, LS1-FIL, LS3 | I2: 3 | J2: FALSE
A3: P02 | B3: Amiela Lance | C3: Benitez | D3: 16 | E3: M | F3: single | G3: Grade 8 | H3: LS1-EN, LS1-FIL, LS3 | I3: 3 | J3: FALSE
A4: P03 | B4: Lyka | C4: Copillo | D4: 26 | E4: F | F4: single | G4: Grade 9 | H4: LS1-EN, LS1-FIL, LS3 | I4: 3 | J4: FALSE
A5: P04 | B5: Sarah Jane | C5: Losa | D5: 32 | E5: F | F5: single | G5: Grade 9 | H5: LS1-EN, LS1-FIL, LS3 | I5: 3 | J5: FALSE
A6: P05 | B6: Uriel | C6: Digno | D6: 18 | E6: M | F6: single | G6: Grade 7 | H6: LS1-EN, LS1-FIL, LS3 | I6: 3 | J6: FALSE
A7: P06 | B7: John Leinard | C7: Pastrana | D7: 18 | E7: M | F7: single | G7: Grade 9 | H7: LS1-EN, LS1-FIL, LS3 | I7: 3 | J7: FALSE
A8: P07 | B8: Holden Mico | C8: Rotarla | D8: 19 | E8: M | F8: single | G8: Grade 9 | H8: LS1-EN, LS1-FIL, LS3 | I8: 3 | J8: FALSE
A9: P08 | B9: Rainlyer | C9: Rotarla | D9: 20 | E9: M | F9: single | G9: Grade 6 | H9: LS1-EN, LS1-FIL, LS3 | I9: 3 | J9: FALSE
A10: P09 | B10: Carl Joseph | C10: De Leon | D10: 17 | E10: M | F10: single | G10: Grade 7 | H10: LS1-EN, LS1-FIL, LS3 | I10: 3 | J10: FALSE
A11: P10 | B11: Barry | C11: Pacao | D11: 16 | E11: M | F11: single | G11: Grade 8 | H11: LS1-EN, LS1-FIL, LS3 | I11: 3 | J11: FALSE
A12: P11 | B12: Rovylyn | C12: Gadinggan | D12: 16 | E12: F | F12: single | G12: Grade 7 | H12: LS1-EN, LS1-FIL, LS3 | I12: 3 | J12: FALSE

Sheet LRI Test Summary
A1: ID | B1: LRI Score
A2: P01 | B2: =SUM('LRI Test'!B2:K2)/COUNTA('LRI Test'!B2:K2) -> 3.3
A3: P02 | B3: =SUM('LRI Test'!B3:K3)/COUNTA('LRI Test'!B3:K3) -> 3.4
A4: P03 | B4: =SUM('LRI Test'!B4:K4)/COUNTA('LRI Test'!B4:K4) -> 3.1
A5: P04 | B5: =SUM('LRI Test'!B5:K5)/COUNTA('LRI Test'!B5:K5) -> 3.1
A6: P05 | B6: =SUM('LRI Test'!B6:K6)/COUNTA('LRI Test'!B6:K6) -> 3.1
A7: P06 | B7: =SUM('LRI Test'!B7:K7)/COUNTA('LRI Test'!B7:K7) -> 3
A8: P07 | B8: =SUM('LRI Test'!B8:K8)/COUNTA('LRI Test'!B8:K8) -> 3
A9: P08 | B9: =SUM('LRI Test'!B9:K9)/COUNTA('LRI Test'!B9:K9) -> 3
A10: P09 | B10: =SUM('LRI Test'!B10:K10)/COUNTA('LRI Test'!B10:K10) -> 3
A11: P10 | B11: =SUM('LRI Test'!B11:K11)/COUNTA('LRI Test'!B11:K11) -> 2.9
A12: P11 | B12: =SUM('LRI Test'!B12:K12)/COUNTA('LRI Test'!B12:K12) -> 2.9

Sheet Diagnostic Test Summary
A1: ID | B1: LS1-EN Score | C1: LS1-FIL Score | D1: LS3 Score
A2: P01 | B2: =SUM('Diagnostic Test - LS1-EN'!V2:AO2) -> 4 | C2: =SUM('Diagnostic Test - LS1-FIL'!V2:AO2) -> 13 | D2: =SUM('Diagnostic Test - LS3'!V2:AO2) -> 6
A3: P02 | B3: =SUM('Diagnostic Test - LS1-EN'!V3:AO3) -> 10 | C3: =SUM('Diagnostic Test - LS1-FIL'!V3:AO3) -> 14 | D3: =SUM('Diagnostic Test - LS3'!V3:AO3) -> 10
A4: P03 | B4: =SUM('Diagnostic Test - LS1-EN'!V4:AO4) -> 12 | C4: =SUM('Diagnostic Test - LS1-FIL'!V4:AO4) -> 18 | D4: =SUM('Diagnostic Test - LS3'!V4:AO4) -> 9
A5: P04 | B5: =SUM('Diagnostic Test - LS1-EN'!V5:AO5) -> 8 | C5: =SUM('Diagnostic Test - LS1-FIL'!V5:AO5) -> 12 | D5: =SUM('Diagnostic Test - LS3'!V5:AO5) -> 5
A6: P05 | B6: =SUM('Diagnostic Test - LS1-EN'!V6:AO6) -> 8 | C6: =SUM('Diagnostic Test - LS1-FIL'!V6:AO6) -> 12 | D6: =SUM('Diagnostic Test - LS3'!V6:AO6) -> 5
A7: P06 | B7: =SUM('Diagnostic Test - LS1-EN'!V7:AO7) -> 8 | C7: =SUM('Diagnostic Test - LS1-FIL'!V7:AO7) -> 6 | D7: =SUM('Diagnostic Test - LS3'!V7:AO7) -> 2
A8: P07 | B8: =SUM('Diagnostic Test - LS1-EN'!V8:AO8) -> 7 | C8: =SUM('Diagnostic Test - LS1-FIL'!V8:AO8) -> 10 | D8: =SUM('Diagnostic Test - LS3'!V8:AO8) -> 8
A9: P08 | B9: =SUM('Diagnostic Test - LS1-EN'!V9:AO9) -> 5 | C9: =SUM('Diagnostic Test - LS1-FIL'!V9:AO9) -> 13 | D9: =SUM('Diagnostic Test - LS3'!V9:AO9) -> 6
A10: P09 | B10: =SUM('Diagnostic Test - LS1-EN'!V10:AO10) -> 6 | C10: =SUM('Diagnostic Test - LS1-FIL'!V10:AO10) -> 11 | D10: =SUM('Diagnostic Test - LS3'!V10:AO10) -> 6
A11: P10 | B11: =SUM('Diagnostic Test - LS1-EN'!V11:AO11) -> 9 | C11: =SUM('Diagnostic Test - LS1-FIL'!V11:AO11) -> 11 | D11: =SUM('Diagnostic Test - LS3'!V11:AO11) -> 6
A12: P11 | B12: =SUM('Diagnostic Test - LS1-EN'!V12:AO12) -> 10 | C12: =SUM('Diagnostic Test - LS1-FIL'!V12:AO12) -> 13 | D12: =SUM('Diagnostic Test - LS3'!V12:AO12) -> 6

Sheet LRI Test
A1: ID | B1: S-1 | C1: S-2 | D1: S-3 | E1: S-4 | F1: S-5 | G1: S-6 | H1: S-7 | I1: S-8 | J1: S-9 | K1: S-10
A2: P01 | B2: 4 | C2: 4 | D2: 2 | E2: 4 | F2: 3 | G2: 3 | H2: 4 | I2: 3 | J2: 3 | K2: 3
A3: P02 | B3: 4 | C3: 3 | D3: 3 | E3: 3 | F3: 3 | G3: 4 | H3: 3 | I3: 3 | J3: 4 | K3: 4
A4: P03 | B4: 3 | C4: 3 | D4: 3 | E4: 3 | F4: 3 | G4: 4 | H4: 3 | I4: 3 | J4: 4 | K4: 2
A5: P04 | B5: 3 | C5: 3 | D5: 3 | E5: 3 | F5: 3 | G5: 4 | H5: 3 | I5: 3 | J5: 3 | K5: 3
A6: P05 | B6: 3 | C6: 4 | D6: 3 | E6: 2 | F6: 3 | G6: 3 | H6: 3 | I6: 3 | J6: 4 | K6: 3
A7: P06 | B7: 3 | C7: 3 | D7: 3 | E7: 3 | F7: 3 | G7: 3 | H7: 3 | I7: 3 | J7: 3 | K7: 3
A8: P07 | B8: 3 | C8: 3 | D8: 3 | E8: 3 | F8: 3 | G8: 3 | H8: 3 | I8: 3 | J8: 3 | K8: 3
A9: P08 | B9: 3 | C9: 3 | D9: 3 | E9: 3 | F9: 3 | G9: 3 | H9: 3 | I9: 3 | J9: 3 | K9: 3
A10: P09 | B10: 3 | C10: 3 | D10: 3 | E10: 3 | F10: 3 | G10: 3 | H10: 3 | I10: 3 | J10: 3 | K10: 3
A11: P10 | B11: 4 | C11: 3 | D11: 3 | E11: 3 | F11: 3 | G11: 3 | H11: 2 | I11: 2 | J11: 3 | K11: 3
A12: P11 | B12: 4 | C12: 3 | D12: 3 | E12: 3 | F12: 3 | G12: 3 | H12: 2 | I12: 2 | J12: 3 | K12: 3

Sheet Diagnostic Test - LS1-EN
A1: ID | B1: I-1 | C1: I-2 | D1: I-3 | E1: I-4 | F1: I-5 | G1: I-6 | H1: I-7 | I1: I-8 | J1: I-9 | K1: I-10 | L1: I-11 | M1: I-12 | N1: I-13 | O1: I-14 | P1: I-15 | Q1: I-16 | R1: I-17 | S1: I-18 | T1: I-19 | U1: I-20 | V1: Score I-1 | W1: Score I-2 | X1: Score I-3 | Y1: Score I-4 | Z1: Score I-5 | AA1: Score I-6 | AB1: Score I-7 | AC1: Score I-8 | AD1: Score I-9 | AE1: Score I-10 | AF1: Score I-11 | AG1: Score I-12 | AH1: Score I-13 | AI1: Score I-14 | AJ1: Score I-15 | AK1: Score I-16 | AL1: Score I-17 | AM1: Score I-18 | AN1: Score I-19 | AO1: Score I-20
A2: P01 | B2: c | C2: d | D2: c | E2: a | F2: a | G2: d | H2: b | I2: c | J2: d | K2: b | L2: b | M2: d | N2: b | O2: a | P2: b | Q2: c | R2: c | S2: a | T2: d | U2: a | V2: =IF(B2='Diagnostic Test Answer Key'!$B$2, 1, 0) -> 1 | W2: =IF(C2='Diagnostic Test Answer Key'!$C$2, 1, 0) -> 1 | X2: =IF(D2='Diagnostic Test Answer Key'!$D$2, 1, 0) -> 1 | Y2: =IF(E2='Diagnostic Test Answer Key'!$E$2, 1, 0) -> 0 | Z2: =IF(F2='Diagnostic Test Answer Key'!$F$2, 1, 0) -> 0 | AA2: =IF(G2='Diagnostic Test Answer Key'!$G$2, 1, 0) -> 0 | AB2: =IF(H2='Diagnostic Test Answer Key'!$H$2, 1, 0) -> 0 | AC2: =IF(I2='Diagnostic Test Answer Key'!$I$2, 1, 0) -> 0 | AD2: =IF(J2='Diagnostic Test Answer Key'!$J$2, 1, 0) -> 0 | AE2: =IF(K2='Diagnostic Test Answer Key'!$K$2, 1, 0) -> 0 | AF2: =IF(L2='Diagnostic Test Answer Key'!$L$2, 1, 0) -> 1 | AG2: =IF(M2='Diagnostic Test Answer Key'!$M$2, 1, 0) -> 0 | AH2: =IF(N2='Diagnostic Test Answer Key'!$N$2, 1, 0) -> 0 | AI2: =IF(O2='Diagnostic Test Answer Key'!$O$2, 1, 0) -> 0 | AJ2: =IF(P2='Diagnostic Test Answer Key'!$P$2, 1, 0) -> 0 | AK2: =IF(Q2='Diagnostic Test Answer Key'!$Q$2, 1, 0) -> 0 | AL2: =IF(R2='Diagnostic Test Answer Key'!$R$2, 1, 0) -> 0 | AM2: =IF(S2='Diagnostic Test Answer Key'!$S$2, 1, 0) -> 0 | AN2: =IF(T2='Diagnostic Test Answer Key'!$T$2, 1, 0) -> 0 | AO2: =IF(U2='Diagnostic Test Answer Key'!$U$2, 1, 0) -> 0
A3: P02 | B3: c | C3: b | D3: a | E3: c | F3: d | G3: c | H3: c | I3: b | J3: a | K3: a | L3: b | M3: d | N3: a | O3: d | P3: b | Q3: a | R3: b | S3: b | T3: a | U3: c | V3: =IF(B3='Diagnostic Test Answer Key'!$B$2, 1, 0) -> 1 | W3: =IF(C3='Diagnostic Test Answer Key'!$C$2, 1, 0) -> 0 | X3: =IF(D3='Diagnostic Test Answer Key'!$D$2, 1, 0) -> 0 | Y3: =IF(E3='Diagnostic Test Answer Key'!$E$2, 1, 0) -> 1 | Z3: =IF(F3='Diagnostic Test Answer Key'!$F$2, 1, 0) -> 1 | AA3: =IF(G3='Diagnostic Test Answer Key'!$G$2, 1, 0) -> 0 | AB3: =IF(H3='Diagnostic Test Answer Key'!$H$2, 1, 0) -> 0 | AC3: =IF(I3='Diagnostic Test Answer Key'!$I$2, 1, 0) -> 1 | AD3: =IF(J3='Diagnostic Test Answer Key'!$J$2, 1, 0) -> 0 | AE3: =IF(K3='Diagnostic Test Answer Key'!$K$2, 1, 0) -> 1 | AF3: =IF(L3='Diagnostic Test Answer Key'!$L$2, 1, 0) -> 1 | AG3: =IF(M3='Diagnostic Test Answer Key'!$M$2, 1, 0) -> 0 | AH3: =IF(N3='Diagnostic Test Answer Key'!$N$2, 1, 0) -> 1 | AI3: =IF(O3='Diagnostic Test Answer Key'!$O$2, 1, 0) -> 1 | AJ3: =IF(P3='Diagnostic Test Answer Key'!$P$2, 1, 0) -> 0 | AK3: =IF(Q3='Diagnostic Test Answer Key'!$Q$2, 1, 0) -> 0 | AL3: =IF(R3='Diagnostic Test Answer Key'!$R$2, 1, 0) -> 0 | AM3: =IF(S3='Diagnostic Test Answer Key'!$S$2, 1, 0) -> 1 | AN3: =IF(T3='Diagnostic Test Answer Key'!$T$2, 1, 0) -> 1 | AO3: =IF(U3='Diagnostic Test Answer Key'!$U$2, 1, 0) -> 0
A4: P03 | B4: c | C4: d | D4: c | E4: c | F4: d | G4: c | H4: b | I4: d | J4: d | K4: a | L4: b | M4: d | N4: a | O4: c | P4: b | Q4: d | R4: d | S4: b | T4: a | U4: b | V4: =IF(B4='Diagnostic Test Answer Key'!$B$2, 1, 0) -> 1 | W4: =IF(C4='Diagnostic Test Answer Key'!$C$2, 1, 0) -> 1 | X4: =IF(D4='Diagnostic Test Answer Key'!$D$2, 1, 0) -> 1 | Y4: =IF(E4='Diagnostic Test Answer Key'!$E$2, 1, 0) -> 1 | Z4: =IF(F4='Diagnostic Test Answer Key'!$F$2, 1, 0) -> 1 | AA4: =IF(G4='Diagnostic Test Answer Key'!$G$2, 1, 0) -> 0 | AB4: =IF(H4='Diagnostic Test Answer Key'!$H$2, 1, 0) -> 0 | AC4: =IF(I4='Diagnostic Test Answer Key'!$I$2, 1, 0) -> 0 | AD4: =IF(J4='Diagnostic Test Answer Key'!$J$2, 1, 0) -> 0 | AE4: =IF(K4='Diagnostic Test Answer Key'!$K$2, 1, 0) -> 1 | AF4: =IF(L4='Diagnostic Test Answer Key'!$L$2, 1, 0) -> 1 | AG4: =IF(M4='Diagnostic Test Answer Key'!$M$2, 1, 0) -> 0 | AH4: =IF(N4='Diagnostic Test Answer Key'!$N$2, 1, 0) -> 1 | AI4: =IF(O4='Diagnostic Test Answer Key'!$O$2, 1, 0) -> 0 | AJ4: =IF(P4='Diagnostic Test Answer Key'!$P$2, 1, 0) -> 0 | AK4: =IF(Q4='Diagnostic Test Answer Key'!$Q$2, 1, 0) -> 0 | AL4: =IF(R4='Diagnostic Test Answer Key'!$R$2, 1, 0) -> 1 | AM4: =IF(S4='Diagnostic Test Answer Key'!$S$2, 1, 0) -> 1 | AN4: =IF(T4='Diagnostic Test Answer Key'!$T$2, 1, 0) -> 1 | AO4: =IF(U4='Diagnostic Test Answer Key'!$U$2, 1, 0) -> 1
A5: P04 | B5: b | C5: d | D5: c | E5: c | F5: b | G5: c | H5: c | I5: a | J5: c | K5: a | L5: b | M5: d | N5: a | O5: c | P5: b | Q5: a | R5: d | S5: a | T5: b | U5: d | V5: =IF(B5='Diagnostic Test Answer Key'!$B$2, 1, 0) -> 0 | W5: =IF(C5='Diagnostic Test Answer Key'!$C$2, 1, 0) -> 1 | X5: =IF(D5='Diagnostic Test Answer Key'!$D$2, 1, 0) -> 1 | Y5: =IF(E5='Diagnostic Test Answer Key'!$E$2, 1, 0) -> 1 | Z5: =IF(F5='Diagnostic Test Answer Key'!$F$2, 1, 0) -> 0 | AA5: =IF(G5='Diagnostic Test Answer Key'!$G$2, 1, 0) -> 0 | AB5: =IF(H5='Diagnostic Test Answer Key'!$H$2, 1, 0) -> 0 | AC5: =IF(I5='Diagnostic Test Answer Key'!$I$2, 1, 0) -> 0 | AD5: =IF(J5='Diagnostic Test Answer Key'!$J$2, 1, 0) -> 1 | AE5: =IF(K5='Diagnostic Test Answer Key'!$K$2, 1, 0) -> 1 | AF5: =IF(L5='Diagnostic Test Answer Key'!$L$2, 1, 0) -> 1 | AG5: =IF(M5='Diagnostic Test Answer Key'!$M$2, 1, 0) -> 0 | AH5: =IF(N5='Diagnostic Test Answer Key'!$N$2, 1, 0) -> 1 | AI5: =IF(O5='Diagnostic Test Answer Key'!$O$2, 1, 0) -> 0 | AJ5: =IF(P5='Diagnostic Test Answer Key'!$P$2, 1, 0) -> 0 | AK5: =IF(Q5='Diagnostic Test Answer Key'!$Q$2, 1, 0) -> 0 | AL5: =IF(R5='Diagnostic Test Answer Key'!$R$2, 1, 0) -> 1 | AM5: =IF(S5='Diagnostic Test Answer Key'!$S$2, 1, 0) -> 0 | AN5: =IF(T5='Diagnostic Test Answer Key'!$T$2, 1, 0) -> 0 | AO5: =IF(U5='Diagnostic Test Answer Key'!$U$2, 1, 0) -> 0
A6: P05 | B6: c | C6: d | D6: b | E6: c | F6: b | G6: c | H6: c | I6: d | J6: d | K6: a | L6: b | M6: d | N6: d | O6: c | P6: b | Q6: b | R6: b | S6: b | T6: c | U6: b | V6: =IF(B6='Diagnostic Test Answer Key'!$B$2, 1, 0) -> 1 | W6: =IF(C6='Diagnostic Test Answer Key'!$C$2, 1, 0) -> 1 | X6: =IF(D6='Diagnostic Test Answer Key'!$D$2, 1, 0) -> 0 | Y6: =IF(E6='Diagnostic Test Answer Key'!$E$2, 1, 0) -> 1 | Z6: =IF(F6='Diagnostic Test Answer Key'!$F$2, 1, 0) -> 0 | AA6: =IF(G6='Diagnostic Test Answer Key'!$G$2, 1, 0) -> 0 | AB6: =IF(H6='Diagnostic Test Answer Key'!$H$2, 1, 0) -> 0 | AC6: =IF(I6='Diagnostic Test Answer Key'!$I$2, 1, 0) -> 0 | AD6: =IF(J6='Diagnostic Test Answer Key'!$J$2, 1, 0) -> 0 | AE6: =IF(K6='Diagnostic Test Answer Key'!$K$2, 1, 0) -> 1 | AF6: =IF(L6='Diagnostic Test Answer Key'!$L$2, 1, 0) -> 1 | AG6: =IF(M6='Diagnostic Test Answer Key'!$M$2, 1, 0) -> 0 | AH6: =IF(N6='Diagnostic Test Answer Key'!$N$2, 1, 0) -> 0 | AI6: =IF(O6='Diagnostic Test Answer Key'!$O$2, 1, 0) -> 0 | AJ6: =IF(P6='Diagnostic Test Answer Key'!$P$2, 1, 0) -> 0 | AK6: =IF(Q6='Diagnostic Test Answer Key'!$Q$2, 1, 0) -> 1 | AL6: =IF(R6='Diagnostic Test Answer Key'!$R$2, 1, 0) -> 0 | AM6: =IF(S6='Diagnostic Test Answer Key'!$S$2, 1, 0) -> 1 | AN6: =IF(T6='Diagnostic Test Answer Key'!$T$2, 1, 0) -> 0 | AO6: =IF(U6='Diagnostic Test Answer Key'!$U$2, 1, 0) -> 1
A7: P06 | B7: c | C7: c | D7: b | E7: a | F7: c | G7: a | H7: c | I7: d | J7: a | K7: b | L7: b | M7: c | N7: a | O7: a | P7: c | Q7: c | R7: b | S7: d | T7: a | U7: b | V7: =IF(B7='Diagnostic Test Answer Key'!$B$2, 1, 0) -> 1 | W7: =IF(C7='Diagnostic Test Answer Key'!$C$2, 1, 0) -> 0 | X7: =IF(D7='Diagnostic Test Answer Key'!$D$2, 1, 0) -> 0 | Y7: =IF(E7='Diagnostic Test Answer Key'!$E$2, 1, 0) -> 0 | Z7: =IF(F7='Diagnostic Test Answer Key'!$F$2, 1, 0) -> 0 | AA7: =IF(G7='Diagnostic Test Answer Key'!$G$2, 1, 0) -> 1 | AB7: =IF(H7='Diagnostic Test Answer Key'!$H$2, 1, 0) -> 0 | AC7: =IF(I7='Diagnostic Test Answer Key'!$I$2, 1, 0) -> 0 | AD7: =IF(J7='Diagnostic Test Answer Key'!$J$2, 1, 0) -> 0 | AE7: =IF(K7='Diagnostic Test Answer Key'!$K$2, 1, 0) -> 0 | AF7: =IF(L7='Diagnostic Test Answer Key'!$L$2, 1, 0) -> 1 | AG7: =IF(M7='Diagnostic Test Answer Key'!$M$2, 1, 0) -> 1 | AH7: =IF(N7='Diagnostic Test Answer Key'!$N$2, 1, 0) -> 1 | AI7: =IF(O7='Diagnostic Test Answer Key'!$O$2, 1, 0) -> 0 | AJ7: =IF(P7='Diagnostic Test Answer Key'!$P$2, 1, 0) -> 1 | AK7: =IF(Q7='Diagnostic Test Answer Key'!$Q$2, 1, 0) -> 0 | AL7: =IF(R7='Diagnostic Test Answer Key'!$R$2, 1, 0) -> 0 | AM7: =IF(S7='Diagnostic Test Answer Key'!$S$2, 1, 0) -> 0 | AN7: =IF(T7='Diagnostic Test Answer Key'!$T$2, 1, 0) -> 1 | AO7: =IF(U7='Diagnostic Test Answer Key'!$U$2, 1, 0) -> 1
A8: P07 | B8: b | C8: c | D8: c | E8: b | F8: c | G8: a | H8: c | I8: b | J8: a | K8: b | L8: b | M8: c | N8: b | O8: b | P8: b | Q8: c | R8: a | S8: b | T8: a | U8: c | V8: =IF(B8='Diagnostic Test Answer Key'!$B$2, 1, 0) -> 0 | W8: =IF(C8='Diagnostic Test Answer Key'!$C$2, 1, 0) -> 0 | X8: =IF(D8='Diagnostic Test Answer Key'!$D$2, 1, 0) -> 1 | Y8: =IF(E8='Diagnostic Test Answer Key'!$E$2, 1, 0) -> 0 | Z8: =IF(F8='Diagnostic Test Answer Key'!$F$2, 1, 0) -> 0 | AA8: =IF(G8='Diagnostic Test Answer Key'!$G$2, 1, 0) -> 1 | AB8: =IF(H8='Diagnostic Test Answer Key'!$H$2, 1, 0) -> 0 | AC8: =IF(I8='Diagnostic Test Answer Key'!$I$2, 1, 0) -> 1 | AD8: =IF(J8='Diagnostic Test Answer Key'!$J$2, 1, 0) -> 0 | AE8: =IF(K8='Diagnostic Test Answer Key'!$K$2, 1, 0) -> 0 | AF8: =IF(L8='Diagnostic Test Answer Key'!$L$2, 1, 0) -> 1 | AG8: =IF(M8='Diagnostic Test Answer Key'!$M$2, 1, 0) -> 1 | AH8: =IF(N8='Diagnostic Test Answer Key'!$N$2, 1, 0) -> 0 | AI8: =IF(O8='Diagnostic Test Answer Key'!$O$2, 1, 0) -> 0 | AJ8: =IF(P8='Diagnostic Test Answer Key'!$P$2, 1, 0) -> 0 | AK8: =IF(Q8='Diagnostic Test Answer Key'!$Q$2, 1, 0) -> 0 | AL8: =IF(R8='Diagnostic Test Answer Key'!$R$2, 1, 0) -> 0 | AM8: =IF(S8='Diagnostic Test Answer Key'!$S$2, 1, 0) -> 1 | AN8: =IF(T8='Diagnostic Test Answer Key'!$T$2, 1, 0) -> 1 | AO8: =IF(U8='Diagnostic Test Answer Key'!$U$2, 1, 0) -> 0
A9: P08 | B9: c | C9: b | D9: b | E9: c | F9: b | G9: c | H9: b | I9: b | J9: b | K9: c | L9: a | M9: d | N9: d | O9: a | P9: b | Q9: d | R9: d | S9: c | T9: a | U9: c | V9: =IF(B9='Diagnostic Test Answer Key'!$B$2, 1, 0) -> 1 | W9: =IF(C9='Diagnostic Test Answer Key'!$C$2, 1, 0) -> 0 | X9: =IF(D9='Diagnostic Test Answer Key'!$D$2, 1, 0) -> 0 | Y9: =IF(E9='Diagnostic Test Answer Key'!$E$2, 1, 0) -> 1 | Z9: =IF(F9='Diagnostic Test Answer Key'!$F$2, 1, 0) -> 0 | AA9: =IF(G9='Diagnostic Test Answer Key'!$G$2, 1, 0) -> 0 | AB9: =IF(H9='Diagnostic Test Answer Key'!$H$2, 1, 0) -> 0 | AC9: =IF(I9='Diagnostic Test Answer Key'!$I$2, 1, 0) -> 1 | AD9: =IF(J9='Diagnostic Test Answer Key'!$J$2, 1, 0) -> 0 | AE9: =IF(K9='Diagnostic Test Answer Key'!$K$2, 1, 0) -> 0 | AF9: =IF(L9='Diagnostic Test Answer Key'!$L$2, 1, 0) -> 0 | AG9: =IF(M9='Diagnostic Test Answer Key'!$M$2, 1, 0) -> 0 | AH9: =IF(N9='Diagnostic Test Answer Key'!$N$2, 1, 0) -> 0 | AI9: =IF(O9='Diagnostic Test Answer Key'!$O$2, 1, 0) -> 0 | AJ9: =IF(P9='Diagnostic Test Answer Key'!$P$2, 1, 0) -> 0 | AK9: =IF(Q9='Diagnostic Test Answer Key'!$Q$2, 1, 0) -> 0 | AL9: =IF(R9='Diagnostic Test Answer Key'!$R$2, 1, 0) -> 1 | AM9: =IF(S9='Diagnostic Test Answer Key'!$S$2, 1, 0) -> 0 | AN9: =IF(T9='Diagnostic Test Answer Key'!$T$2, 1, 0) -> 1 | AO9: =IF(U9='Diagnostic Test Answer Key'!$U$2, 1, 0) -> 0
A10: P09 | B10: c | C10: c | D10: b | E10: b | F10: d | G10: c | H10: b | I10: d | J10: b | K10: d | L10: b | M10: blank | N10: b | O10: d | P10: b | Q10: b | R10: blank | S10: b | T10: c | U10: c | V10: =IF(B10='Diagnostic Test Answer Key'!$B$2, 1, 0) -> 1 | W10: =IF(C10='Diagnostic Test Answer Key'!$C$2, 1, 0) -> 0 | X10: =IF(D10='Diagnostic Test Answer Key'!$D$2, 1, 0) -> 0 | Y10: =IF(E10='Diagnostic Test Answer Key'!$E$2, 1, 0) -> 0 | Z10: =IF(F10='Diagnostic Test Answer Key'!$F$2, 1, 0) -> 1 | AA10: =IF(G10='Diagnostic Test Answer Key'!$G$2, 1, 0) -> 0 | AB10: =IF(H10='Diagnostic Test Answer Key'!$H$2, 1, 0) -> 0 | AC10: =IF(I10='Diagnostic Test Answer Key'!$I$2, 1, 0) -> 0 | AD10: =IF(J10='Diagnostic Test Answer Key'!$J$2, 1, 0) -> 0 | AE10: =IF(K10='Diagnostic Test Answer Key'!$K$2, 1, 0) -> 0 | AF10: =IF(L10='Diagnostic Test Answer Key'!$L$2, 1, 0) -> 1 | AG10: =IF(M10='Diagnostic Test Answer Key'!$M$2, 1, 0) -> 0 | AH10: =IF(N10='Diagnostic Test Answer Key'!$N$2, 1, 0) -> 0 | AI10: =IF(O10='Diagnostic Test Answer Key'!$O$2, 1, 0) -> 1 | AJ10: =IF(P10='Diagnostic Test Answer Key'!$P$2, 1, 0) -> 0 | AK10: =IF(Q10='Diagnostic Test Answer Key'!$Q$2, 1, 0) -> 1 | AL10: =IF(R10='Diagnostic Test Answer Key'!$R$2, 1, 0) -> 0 | AM10: =IF(S10='Diagnostic Test Answer Key'!$S$2, 1, 0) -> 1 | AN10: =IF(T10='Diagnostic Test Answer Key'!$T$2, 1, 0) -> 0 | AO10: =IF(U10='Diagnostic Test Answer Key'!$U$2, 1, 0) -> 0
A11: P10 | B11: c | C11: c | D11: c | E11: a | F11: c | G11: a | H11: c | I11: d | J11: c | K11: a | L11: b | M11: d | N11: a | O11: d | P11: b | Q11: c | R11: b | S11: d | T11: d | U11: b | V11: =IF(B11='Diagnostic Test Answer Key'!$B$2, 1, 0) -> 1 | W11: =IF(C11='Diagnostic Test Answer Key'!$C$2, 1, 0) -> 0 | X11: =IF(D11='Diagnostic Test Answer Key'!$D$2, 1, 0) -> 1 | Y11: =IF(E11='Diagnostic Test Answer Key'!$E$2, 1, 0) -> 0 | Z11: =IF(F11='Diagnostic Test Answer Key'!$F$2, 1, 0) -> 0 | AA11: =IF(G11='Diagnostic Test Answer Key'!$G$2, 1, 0) -> 1 | AB11: =IF(H11='Diagnostic Test Answer Key'!$H$2, 1, 0) -> 0 | AC11: =IF(I11='Diagnostic Test Answer Key'!$I$2, 1, 0) -> 0 | AD11: =IF(J11='Diagnostic Test Answer Key'!$J$2, 1, 0) -> 1 | AE11: =IF(K11='Diagnostic Test Answer Key'!$K$2, 1, 0) -> 1 | AF11: =IF(L11='Diagnostic Test Answer Key'!$L$2, 1, 0) -> 1 | AG11: =IF(M11='Diagnostic Test Answer Key'!$M$2, 1, 0) -> 0 | AH11: =IF(N11='Diagnostic Test Answer Key'!$N$2, 1, 0) -> 1 | AI11: =IF(O11='Diagnostic Test Answer Key'!$O$2, 1, 0) -> 1 | AJ11: =IF(P11='Diagnostic Test Answer Key'!$P$2, 1, 0) -> 0 | AK11: =IF(Q11='Diagnostic Test Answer Key'!$Q$2, 1, 0) -> 0 | AL11: =IF(R11='Diagnostic Test Answer Key'!$R$2, 1, 0) -> 0 | AM11: =IF(S11='Diagnostic Test Answer Key'!$S$2, 1, 0) -> 0 | AN11: =IF(T11='Diagnostic Test Answer Key'!$T$2, 1, 0) -> 0 | AO11: =IF(U11='Diagnostic Test Answer Key'!$U$2, 1, 0) -> 1
A12: P11 | B12: c | C12: d | D12: d | E12: c | F12: d | G12: c | H12: d | I12: b | J12: d | K12: b | L12: c | M12: d | N12: c | O12: c | P12: c | Q12: b | R12: b | S12: d | T12: a | U12: b | V12: =IF(B12='Diagnostic Test Answer Key'!$B$2, 1, 0) -> 1 | W12: =IF(C12='Diagnostic Test Answer Key'!$C$2, 1, 0) -> 1 | X12: =IF(D12='Diagnostic Test Answer Key'!$D$2, 1, 0) -> 0 | Y12: =IF(E12='Diagnostic Test Answer Key'!$E$2, 1, 0) -> 1 | Z12: =IF(F12='Diagnostic Test Answer Key'!$F$2, 1, 0) -> 1 | AA12: =IF(G12='Diagnostic Test Answer Key'!$G$2, 1, 0) -> 0 | AB12: =IF(H12='Diagnostic Test Answer Key'!$H$2, 1, 0) -> 1 | AC12: =IF(I12='Diagnostic Test Answer Key'!$I$2, 1, 0) -> 1 | AD12: =IF(J12='Diagnostic Test Answer Key'!$J$2, 1, 0) -> 0 | AE12: =IF(K12='Diagnostic Test Answer Key'!$K$2, 1, 0) -> 0 | AF12: =IF(L12='Diagnostic Test Answer Key'!$L$2, 1, 0) -> 0 | AG12: =IF(M12='Diagnostic Test Answer Key'!$M$2, 1, 0) -> 0 | AH12: =IF(N12='Diagnostic Test Answer Key'!$N$2, 1, 0) -> 0 | AI12: =IF(O12='Diagnostic Test Answer Key'!$O$2, 1, 0) -> 0 | AJ12: =IF(P12='Diagnostic Test Answer Key'!$P$2, 1, 0) -> 1 | AK12: =IF(Q12='Diagnostic Test Answer Key'!$Q$2, 1, 0) -> 1 | AL12: =IF(R12='Diagnostic Test Answer Key'!$R$2, 1, 0) -> 0 | AM12: =IF(S12='Diagnostic Test Answer Key'!$S$2, 1, 0) -> 0 | AN12: =IF(T12='Diagnostic Test Answer Key'!$T$2, 1, 0) -> 1 | AO12: =IF(U12='Diagnostic Test Answer Key'!$U$2, 1, 0) -> 1

Sheet Diagnostic Test - LS1-FIL
A1: ID | B1: I-1 | C1: I-2 | D1: I-3 | E1: I-4 | F1: I-5 | G1: I-6 | H1: I-7 | I1: I-8 | J1: I-9 | K1: I-10 | L1: I-11 | M1: I-12 | N1: I-13 | O1: I-14 | P1: I-15 | Q1: I-16 | R1: I-17 | S1: I-18 | T1: I-19 | U1: I-20 | V1: Score I-1 | W1: Score I-2 | X1: Score I-3 | Y1: Score I-4 | Z1: Score I-5 | AA1: Score I-6 | AB1: Score I-7 | AC1: Score I-8 | AD1: Score I-9 | AE1: Score I-10 | AF1: Score I-11 | AG1: Score I-12 | AH1: Score I-13 | AI1: Score I-14 | AJ1: Score I-15 | AK1: Score I-16 | AL1: Score I-17 | AM1: Score I-18 | AN1: Score I-19 | AO1: Score I-20
A2: P01 | B2: a | C2: d | D2: b | E2: d | F2: d | G2: a | H2: a | I2: d | J2: b | K2: c | L2: d | M2: d | N2: b | O2: c | P2: c | Q2: d | R2: d | S2: c | T2: c | U2: c | V2: =IF(B2='Diagnostic Test Answer Key'!$B$3, 1, 0) -> 1 | W2: =IF(C2='Diagnostic Test Answer Key'!$C$3, 1, 0) -> 0 | X2: =IF(D2='Diagnostic Test Answer Key'!$D$3, 1, 0) -> 0 | Y2: =IF(E2='Diagnostic Test Answer Key'!$E$3, 1, 0) -> 1 | Z2: =IF(F2='Diagnostic Test Answer Key'!$F$3, 1, 0) -> 1 | AA2: =IF(G2='Diagnostic Test Answer Key'!$G$3, 1, 0) -> 1 | AB2: =IF(H2='Diagnostic Test Answer Key'!$H$3, 1, 0) -> 1 | AC2: =IF(I2='Diagnostic Test Answer Key'!$I$3, 1, 0) -> 1 | AD2: =IF(J2='Diagnostic Test Answer Key'!$J$3, 1, 0) -> 1 | AE2: =IF(K2='Diagnostic Test Answer Key'!$K$3, 1, 0) -> 0 | AF2: =IF(L2='Diagnostic Test Answer Key'!$L$3, 1, 0) -> 1 | AG2: =IF(M2='Diagnostic Test Answer Key'!$M$3, 1, 0) -> 1 | AH2: =IF(N2='Diagnostic Test Answer Key'!$N$3, 1, 0) -> 0 | AI2: =IF(O2='Diagnostic Test Answer Key'!$O$3, 1, 0) -> 0 | AJ2: =IF(P2='Diagnostic Test Answer Key'!$P$3, 1, 0) -> 1 | AK2: =IF(Q2='Diagnostic Test Answer Key'!$Q$3, 1, 0) -> 1 | AL2: =IF(R2='Diagnostic Test Answer Key'!$R$3, 1, 0) -> 1 | AM2: =IF(S2='Diagnostic Test Answer Key'!$S$3, 1, 0) -> 0 | AN2: =IF(T2='Diagnostic Test Answer Key'!$T$3, 1, 0) -> 0 | AO2: =IF(U2='Diagnostic Test Answer Key'!$U$3, 1, 0) -> 1
A3: P02 | B3: d | C3: c | D3: b | E3: d | F3: d | G3: a | H3: a | I3: d | J3: b | K3: c | L3: d | M3: d | N3: d | O3: d | P3: c | Q3: b | R3: d | S3: c | T3: d | U3: c | V3: =IF(B3='Diagnostic Test Answer Key'!$B$3, 1, 0) -> 0 | W3: =IF(C3='Diagnostic Test Answer Key'!$C$3, 1, 0) -> 1 | X3: =IF(D3='Diagnostic Test Answer Key'!$D$3, 1, 0) -> 0 | Y3: =IF(E3='Diagnostic Test Answer Key'!$E$3, 1, 0) -> 1 | Z3: =IF(F3='Diagnostic Test Answer Key'!$F$3, 1, 0) -> 1 | AA3: =IF(G3='Diagnostic Test Answer Key'!$G$3, 1, 0) -> 1 | AB3: =IF(H3='Diagnostic Test Answer Key'!$H$3, 1, 0) -> 1 | AC3: =IF(I3='Diagnostic Test Answer Key'!$I$3, 1, 0) -> 1 | AD3: =IF(J3='Diagnostic Test Answer Key'!$J$3, 1, 0) -> 1 | AE3: =IF(K3='Diagnostic Test Answer Key'!$K$3, 1, 0) -> 0 | AF3: =IF(L3='Diagnostic Test Answer Key'!$L$3, 1, 0) -> 1 | AG3: =IF(M3='Diagnostic Test Answer Key'!$M$3, 1, 0) -> 1 | AH3: =IF(N3='Diagnostic Test Answer Key'!$N$3, 1, 0) -> 1 | AI3: =IF(O3='Diagnostic Test Answer Key'!$O$3, 1, 0) -> 1 | AJ3: =IF(P3='Diagnostic Test Answer Key'!$P$3, 1, 0) -> 1 | AK3: =IF(Q3='Diagnostic Test Answer Key'!$Q$3, 1, 0) -> 0 | AL3: =IF(R3='Diagnostic Test Answer Key'!$R$3, 1, 0) -> 1 | AM3: =IF(S3='Diagnostic Test Answer Key'!$S$3, 1, 0) -> 0 | AN3: =IF(T3='Diagnostic Test Answer Key'!$T$3, 1, 0) -> 0 | AO3: =IF(U3='Diagnostic Test Answer Key'!$U$3, 1, 0) -> 1
A4: P03 | B4: a | C4: c | D4: c | E4: d | F4: d | G4: a | H4: a | I4: d | J4: b | K4: b | L4: d | M4: d | N4: d | O4: c | P4: c | Q4: d | R4: d | S4: a | T4: a | U4: c | V4: =IF(B4='Diagnostic Test Answer Key'!$B$3, 1, 0) -> 1 | W4: =IF(C4='Diagnostic Test Answer Key'!$C$3, 1, 0) -> 1 | X4: =IF(D4='Diagnostic Test Answer Key'!$D$3, 1, 0) -> 1 | Y4: =IF(E4='Diagnostic Test Answer Key'!$E$3, 1, 0) -> 1 | Z4: =IF(F4='Diagnostic Test Answer Key'!$F$3, 1, 0) -> 1 | AA4: =IF(G4='Diagnostic Test Answer Key'!$G$3, 1, 0) -> 1 | AB4: =IF(H4='Diagnostic Test Answer Key'!$H$3, 1, 0) -> 1 | AC4: =IF(I4='Diagnostic Test Answer Key'!$I$3, 1, 0) -> 1 | AD4: =IF(J4='Diagnostic Test Answer Key'!$J$3, 1, 0) -> 1 | AE4: =IF(K4='Diagnostic Test Answer Key'!$K$3, 1, 0) -> 1 | AF4: =IF(L4='Diagnostic Test Answer Key'!$L$3, 1, 0) -> 1 | AG4: =IF(M4='Diagnostic Test Answer Key'!$M$3, 1, 0) -> 1 | AH4: =IF(N4='Diagnostic Test Answer Key'!$N$3, 1, 0) -> 1 | AI4: =IF(O4='Diagnostic Test Answer Key'!$O$3, 1, 0) -> 0 | AJ4: =IF(P4='Diagnostic Test Answer Key'!$P$3, 1, 0) -> 1 | AK4: =IF(Q4='Diagnostic Test Answer Key'!$Q$3, 1, 0) -> 1 | AL4: =IF(R4='Diagnostic Test Answer Key'!$R$3, 1, 0) -> 1 | AM4: =IF(S4='Diagnostic Test Answer Key'!$S$3, 1, 0) -> 0 | AN4: =IF(T4='Diagnostic Test Answer Key'!$T$3, 1, 0) -> 1 | AO4: =IF(U4='Diagnostic Test Answer Key'!$U$3, 1, 0) -> 1
A5: P04 | B5: c | C5: c | D5: b | E5: d | F5: d | G5: a | H5: a | I5: d | J5: b | K5: a | L5: c | M5: d | N5: b | O5: d | P5: c | Q5: b | R5: d | S5: d | T5: c | U5: c | V5: =IF(B5='Diagnostic Test Answer Key'!$B$3, 1, 0) -> 0 | W5: =IF(C5='Diagnostic Test Answer Key'!$C$3, 1, 0) -> 1 | X5: =IF(D5='Diagnostic Test Answer Key'!$D$3, 1, 0) -> 0 | Y5: =IF(E5='Diagnostic Test Answer Key'!$E$3, 1, 0) -> 1 | Z5: =IF(F5='Diagnostic Test Answer Key'!$F$3, 1, 0) -> 1 | AA5: =IF(G5='Diagnostic Test Answer Key'!$G$3, 1, 0) -> 1 | AB5: =IF(H5='Diagnostic Test Answer Key'!$H$3, 1, 0) -> 1 | AC5: =IF(I5='Diagnostic Test Answer Key'!$I$3, 1, 0) -> 1 | AD5: =IF(J5='Diagnostic Test Answer Key'!$J$3, 1, 0) -> 1 | AE5: =IF(K5='Diagnostic Test Answer Key'!$K$3, 1, 0) -> 0 | AF5: =IF(L5='Diagnostic Test Answer Key'!$L$3, 1, 0) -> 0 | AG5: =IF(M5='Diagnostic Test Answer Key'!$M$3, 1, 0) -> 1 | AH5: =IF(N5='Diagnostic Test Answer Key'!$N$3, 1, 0) -> 0 | AI5: =IF(O5='Diagnostic Test Answer Key'!$O$3, 1, 0) -> 1 | AJ5: =IF(P5='Diagnostic Test Answer Key'!$P$3, 1, 0) -> 1 | AK5: =IF(Q5='Diagnostic Test Answer Key'!$Q$3, 1, 0) -> 0 | AL5: =IF(R5='Diagnostic Test Answer Key'!$R$3, 1, 0) -> 1 | AM5: =IF(S5='Diagnostic Test Answer Key'!$S$3, 1, 0) -> 0 | AN5: =IF(T5='Diagnostic Test Answer Key'!$T$3, 1, 0) -> 0 | AO5: =IF(U5='Diagnostic Test Answer Key'!$U$3, 1, 0) -> 1
A6: P05 | B6: a | C6: c | D6: b | E6: d | F6: d | G6: d | H6: a | I6: d | J6: c | K6: a | L6: d | M6: c | N6: b | O6: d | P6: c | Q6: d | R6: d | S6: d | T6: c | U6: c | V6: =IF(B6='Diagnostic Test Answer Key'!$B$3, 1, 0) -> 1 | W6: =IF(C6='Diagnostic Test Answer Key'!$C$3, 1, 0) -> 1 | X6: =IF(D6='Diagnostic Test Answer Key'!$D$3, 1, 0) -> 0 | Y6: =IF(E6='Diagnostic Test Answer Key'!$E$3, 1, 0) -> 1 | Z6: =IF(F6='Diagnostic Test Answer Key'!$F$3, 1, 0) -> 1 | AA6: =IF(G6='Diagnostic Test Answer Key'!$G$3, 1, 0) -> 0 | AB6: =IF(H6='Diagnostic Test Answer Key'!$H$3, 1, 0) -> 1 | AC6: =IF(I6='Diagnostic Test Answer Key'!$I$3, 1, 0) -> 1 | AD6: =IF(J6='Diagnostic Test Answer Key'!$J$3, 1, 0) -> 0 | AE6: =IF(K6='Diagnostic Test Answer Key'!$K$3, 1, 0) -> 0 | AF6: =IF(L6='Diagnostic Test Answer Key'!$L$3, 1, 0) -> 1 | AG6: =IF(M6='Diagnostic Test Answer Key'!$M$3, 1, 0) -> 0 | AH6: =IF(N6='Diagnostic Test Answer Key'!$N$3, 1, 0) -> 0 | AI6: =IF(O6='Diagnostic Test Answer Key'!$O$3, 1, 0) -> 1 | AJ6: =IF(P6='Diagnostic Test Answer Key'!$P$3, 1, 0) -> 1 | AK6: =IF(Q6='Diagnostic Test Answer Key'!$Q$3, 1, 0) -> 1 | AL6: =IF(R6='Diagnostic Test Answer Key'!$R$3, 1, 0) -> 1 | AM6: =IF(S6='Diagnostic Test Answer Key'!$S$3, 1, 0) -> 0 | AN6: =IF(T6='Diagnostic Test Answer Key'!$T$3, 1, 0) -> 0 | AO6: =IF(U6='Diagnostic Test Answer Key'!$U$3, 1, 0) -> 1
A7: P06 | B7: d | C7: c | D7: d | E7: a | F7: c | G7: d | H7: d | I7: d | J7: a | K7: a | L7: d | M7: b | N7: d | O7: c | P7: a | Q7: c | R7: d | S7: c | T7: b | U7: c | V7: =IF(B7='Diagnostic Test Answer Key'!$B$3, 1, 0) -> 0 | W7: =IF(C7='Diagnostic Test Answer Key'!$C$3, 1, 0) -> 1 | X7: =IF(D7='Diagnostic Test Answer Key'!$D$3, 1, 0) -> 0 | Y7: =IF(E7='Diagnostic Test Answer Key'!$E$3, 1, 0) -> 0 | Z7: =IF(F7='Diagnostic Test Answer Key'!$F$3, 1, 0) -> 0 | AA7: =IF(G7='Diagnostic Test Answer Key'!$G$3, 1, 0) -> 0 | AB7: =IF(H7='Diagnostic Test Answer Key'!$H$3, 1, 0) -> 0 | AC7: =IF(I7='Diagnostic Test Answer Key'!$I$3, 1, 0) -> 1 | AD7: =IF(J7='Diagnostic Test Answer Key'!$J$3, 1, 0) -> 0 | AE7: =IF(K7='Diagnostic Test Answer Key'!$K$3, 1, 0) -> 0 | AF7: =IF(L7='Diagnostic Test Answer Key'!$L$3, 1, 0) -> 1 | AG7: =IF(M7='Diagnostic Test Answer Key'!$M$3, 1, 0) -> 0 | AH7: =IF(N7='Diagnostic Test Answer Key'!$N$3, 1, 0) -> 1 | AI7: =IF(O7='Diagnostic Test Answer Key'!$O$3, 1, 0) -> 0 | AJ7: =IF(P7='Diagnostic Test Answer Key'!$P$3, 1, 0) -> 0 | AK7: =IF(Q7='Diagnostic Test Answer Key'!$Q$3, 1, 0) -> 0 | AL7: =IF(R7='Diagnostic Test Answer Key'!$R$3, 1, 0) -> 1 | AM7: =IF(S7='Diagnostic Test Answer Key'!$S$3, 1, 0) -> 0 | AN7: =IF(T7='Diagnostic Test Answer Key'!$T$3, 1, 0) -> 0 | AO7: =IF(U7='Diagnostic Test Answer Key'!$U$3, 1, 0) -> 1
A8: P07 | B8: a | C8: c | D8: c | E8: d | F8: d | G8: a | H8: a | I8: d | J8: b | K8: c | L8: a | M8: d | N8: c | O8: c | P8: a | Q8: b | R8: c | S8: c | T8: c | U8: b | V8: =IF(B8='Diagnostic Test Answer Key'!$B$3, 1, 0) -> 1 | W8: =IF(C8='Diagnostic Test Answer Key'!$C$3, 1, 0) -> 1 | X8: =IF(D8='Diagnostic Test Answer Key'!$D$3, 1, 0) -> 1 | Y8: =IF(E8='Diagnostic Test Answer Key'!$E$3, 1, 0) -> 1 | Z8: =IF(F8='Diagnostic Test Answer Key'!$F$3, 1, 0) -> 1 | AA8: =IF(G8='Diagnostic Test Answer Key'!$G$3, 1, 0) -> 1 | AB8: =IF(H8='Diagnostic Test Answer Key'!$H$3, 1, 0) -> 1 | AC8: =IF(I8='Diagnostic Test Answer Key'!$I$3, 1, 0) -> 1 | AD8: =IF(J8='Diagnostic Test Answer Key'!$J$3, 1, 0) -> 1 | AE8: =IF(K8='Diagnostic Test Answer Key'!$K$3, 1, 0) -> 0 | AF8: =IF(L8='Diagnostic Test Answer Key'!$L$3, 1, 0) -> 0 | AG8: =IF(M8='Diagnostic Test Answer Key'!$M$3, 1, 0) -> 1 | AH8: =IF(N8='Diagnostic Test Answer Key'!$N$3, 1, 0) -> 0 | AI8: =IF(O8='Diagnostic Test Answer Key'!$O$3, 1, 0) -> 0 | AJ8: =IF(P8='Diagnostic Test Answer Key'!$P$3, 1, 0) -> 0 | AK8: =IF(Q8='Diagnostic Test Answer Key'!$Q$3, 1, 0) -> 0 | AL8: =IF(R8='Diagnostic Test Answer Key'!$R$3, 1, 0) -> 0 | AM8: =IF(S8='Diagnostic Test Answer Key'!$S$3, 1, 0) -> 0 | AN8: =IF(T8='Diagnostic Test Answer Key'!$T$3, 1, 0) -> 0 | AO8: =IF(U8='Diagnostic Test Answer Key'!$U$3, 1, 0) -> 0
A9: P08 | B9: a | C9: a | D9: a | E9: d | F9: d | G9: a | H9: d | I9: d | J9: b | K9: b | L9: d | M9: d | N9: d | O9: c | P9: c | Q9: b | R9: d | S9: d | T9: c | U9: c | V9: =IF(B9='Diagnostic Test Answer Key'!$B$3, 1, 0) -> 1 | W9: =IF(C9='Diagnostic Test Answer Key'!$C$3, 1, 0) -> 0 | X9: =IF(D9='Diagnostic Test Answer Key'!$D$3, 1, 0) -> 0 | Y9: =IF(E9='Diagnostic Test Answer Key'!$E$3, 1, 0) -> 1 | Z9: =IF(F9='Diagnostic Test Answer Key'!$F$3, 1, 0) -> 1 | AA9: =IF(G9='Diagnostic Test Answer Key'!$G$3, 1, 0) -> 1 | AB9: =IF(H9='Diagnostic Test Answer Key'!$H$3, 1, 0) -> 0 | AC9: =IF(I9='Diagnostic Test Answer Key'!$I$3, 1, 0) -> 1 | AD9: =IF(J9='Diagnostic Test Answer Key'!$J$3, 1, 0) -> 1 | AE9: =IF(K9='Diagnostic Test Answer Key'!$K$3, 1, 0) -> 1 | AF9: =IF(L9='Diagnostic Test Answer Key'!$L$3, 1, 0) -> 1 | AG9: =IF(M9='Diagnostic Test Answer Key'!$M$3, 1, 0) -> 1 | AH9: =IF(N9='Diagnostic Test Answer Key'!$N$3, 1, 0) -> 1 | AI9: =IF(O9='Diagnostic Test Answer Key'!$O$3, 1, 0) -> 0 | AJ9: =IF(P9='Diagnostic Test Answer Key'!$P$3, 1, 0) -> 1 | AK9: =IF(Q9='Diagnostic Test Answer Key'!$Q$3, 1, 0) -> 0 | AL9: =IF(R9='Diagnostic Test Answer Key'!$R$3, 1, 0) -> 1 | AM9: =IF(S9='Diagnostic Test Answer Key'!$S$3, 1, 0) -> 0 | AN9: =IF(T9='Diagnostic Test Answer Key'!$T$3, 1, 0) -> 0 | AO9: =IF(U9='Diagnostic Test Answer Key'!$U$3, 1, 0) -> 1
A10: P09 | B10: d | C10: c | D10: d | E10: d | F10: d | G10: a | H10: b | I10: d | J10: a | K10: b | L10: b | M10: d | N10: d | O10: d | P10: a | Q10: d | R10: d | S10: a | T10: d | U10: d | V10: =IF(B10='Diagnostic Test Answer Key'!$B$3, 1, 0) -> 0 | W10: =IF(C10='Diagnostic Test Answer Key'!$C$3, 1, 0) -> 1 | X10: =IF(D10='Diagnostic Test Answer Key'!$D$3, 1, 0) -> 0 | Y10: =IF(E10='Diagnostic Test Answer Key'!$E$3, 1, 0) -> 1 | Z10: =IF(F10='Diagnostic Test Answer Key'!$F$3, 1, 0) -> 1 | AA10: =IF(G10='Diagnostic Test Answer Key'!$G$3, 1, 0) -> 1 | AB10: =IF(H10='Diagnostic Test Answer Key'!$H$3, 1, 0) -> 0 | AC10: =IF(I10='Diagnostic Test Answer Key'!$I$3, 1, 0) -> 1 | AD10: =IF(J10='Diagnostic Test Answer Key'!$J$3, 1, 0) -> 0 | AE10: =IF(K10='Diagnostic Test Answer Key'!$K$3, 1, 0) -> 1 | AF10: =IF(L10='Diagnostic Test Answer Key'!$L$3, 1, 0) -> 0 | AG10: =IF(M10='Diagnostic Test Answer Key'!$M$3, 1, 0) -> 1 | AH10: =IF(N10='Diagnostic Test Answer Key'!$N$3, 1, 0) -> 1 | AI10: =IF(O10='Diagnostic Test Answer Key'!$O$3, 1, 0) -> 1 | AJ10: =IF(P10='Diagnostic Test Answer Key'!$P$3, 1, 0) -> 0 | AK10: =IF(Q10='Diagnostic Test Answer Key'!$Q$3, 1, 0) -> 1 | AL10: =IF(R10='Diagnostic Test Answer Key'!$R$3, 1, 0) -> 1 | AM10: =IF(S10='Diagnostic Test Answer Key'!$S$3, 1, 0) -> 0 | AN10: =IF(T10='Diagnostic Test Answer Key'!$T$3, 1, 0) -> 0 | AO10: =IF(U10='Diagnostic Test Answer Key'!$U$3, 1, 0) -> 0
A11: P10 | B11: a | C11: c | D11: b | E11: d | F11: b | G11: c | H11: c | I11: d | J11: b | K11: b | L11: d | M11: d | N11: c | O11: c | P11: c | Q11: c | R11: d | S11: c | T11: a | U11: b | V11: =IF(B11='Diagnostic Test Answer Key'!$B$3, 1, 0) -> 1 | W11: =IF(C11='Diagnostic Test Answer Key'!$C$3, 1, 0) -> 1 | X11: =IF(D11='Diagnostic Test Answer Key'!$D$3, 1, 0) -> 0 | Y11: =IF(E11='Diagnostic Test Answer Key'!$E$3, 1, 0) -> 1 | Z11: =IF(F11='Diagnostic Test Answer Key'!$F$3, 1, 0) -> 0 | AA11: =IF(G11='Diagnostic Test Answer Key'!$G$3, 1, 0) -> 0 | AB11: =IF(H11='Diagnostic Test Answer Key'!$H$3, 1, 0) -> 0 | AC11: =IF(I11='Diagnostic Test Answer Key'!$I$3, 1, 0) -> 1 | AD11: =IF(J11='Diagnostic Test Answer Key'!$J$3, 1, 0) -> 1 | AE11: =IF(K11='Diagnostic Test Answer Key'!$K$3, 1, 0) -> 1 | AF11: =IF(L11='Diagnostic Test Answer Key'!$L$3, 1, 0) -> 1 | AG11: =IF(M11='Diagnostic Test Answer Key'!$M$3, 1, 0) -> 1 | AH11: =IF(N11='Diagnostic Test Answer Key'!$N$3, 1, 0) -> 0 | AI11: =IF(O11='Diagnostic Test Answer Key'!$O$3, 1, 0) -> 0 | AJ11: =IF(P11='Diagnostic Test Answer Key'!$P$3, 1, 0) -> 1 | AK11: =IF(Q11='Diagnostic Test Answer Key'!$Q$3, 1, 0) -> 0 | AL11: =IF(R11='Diagnostic Test Answer Key'!$R$3, 1, 0) -> 1 | AM11: =IF(S11='Diagnostic Test Answer Key'!$S$3, 1, 0) -> 0 | AN11: =IF(T11='Diagnostic Test Answer Key'!$T$3, 1, 0) -> 1 | AO11: =IF(U11='Diagnostic Test Answer Key'!$U$3, 1, 0) -> 0
A12: P11 | B12: a | C12: c | D12: b | E12: d | F12: d | G12: a | H12: a | I12: d | J12: b | K12: c | L12: c | M12: d | N12: d | O12: c | P12: a | Q12: c | R12: d | S12: b | T12: c | U12: c | V12: =IF(B12='Diagnostic Test Answer Key'!$B$3, 1, 0) -> 1 | W12: =IF(C12='Diagnostic Test Answer Key'!$C$3, 1, 0) -> 1 | X12: =IF(D12='Diagnostic Test Answer Key'!$D$3, 1, 0) -> 0 | Y12: =IF(E12='Diagnostic Test Answer Key'!$E$3, 1, 0) -> 1 | Z12: =IF(F12='Diagnostic Test Answer Key'!$F$3, 1, 0) -> 1 | AA12: =IF(G12='Diagnostic Test Answer Key'!$G$3, 1, 0) -> 1 | AB12: =IF(H12='Diagnostic Test Answer Key'!$H$3, 1, 0) -> 1 | AC12: =IF(I12='Diagnostic Test Answer Key'!$I$3, 1, 0) -> 1 | AD12: =IF(J12='Diagnostic Test Answer Key'!$J$3, 1, 0) -> 1 | AE12: =IF(K12='Diagnostic Test Answer Key'!$K$3, 1, 0) -> 0 | AF12: =IF(L12='Diagnostic Test Answer Key'!$L$3, 1, 0) -> 0 | AG12: =IF(M12='Diagnostic Test Answer Key'!$M$3, 1, 0) -> 1 | AH12: =IF(N12='Diagnostic Test Answer Key'!$N$3, 1, 0) -> 1 | AI12: =IF(O12='Diagnostic Test Answer Key'!$O$3, 1, 0) -> 0 | AJ12: =IF(P12='Diagnostic Test Answer Key'!$P$3, 1, 0) -> 0 | AK12: =IF(Q12='Diagnostic Test Answer Key'!$Q$3, 1, 0) -> 0 | AL12: =IF(R12='Diagnostic Test Answer Key'!$R$3, 1, 0) -> 1 | AM12: =IF(S12='Diagnostic Test Answer Key'!$S$3, 1, 0) -> 1 | AN12: =IF(T12='Diagnostic Test Answer Key'!$T$3, 1, 0) -> 0 | AO12: =IF(U12='Diagnostic Test Answer Key'!$U$3, 1, 0) -> 1

Sheet Diagnostic Test - LS3
A1: ID | B1: I-1 | C1: I-2 | D1: I-3 | E1: I-4 | F1: I-5 | G1: I-6 | H1: I-7 | I1: I-8 | J1: I-9 | K1: I-10 | L1: I-11 | M1: I-12 | N1: I-13 | O1: I-14 | P1: I-15 | Q1: I-16 | R1: I-17 | S1: I-18 | T1: I-19 | U1: I-20 | V1: Score I-1 | W1: Score I-2 | X1: Score I-3 | Y1: Score I-4 | Z1: Score I-5 | AA1: Score I-6 | AB1: Score I-7 | AC1: Score I-8 | AD1: Score I-9 | AE1: Score I-10 | AF1: Score I-11 | AG1: Score I-12 | AH1: Score I-13 | AI1: Score I-14 | AJ1: Score I-15 | AK1: Score I-16 | AL1: Score I-17 | AM1: Score I-18 | AN1: Score I-19 | AO1: Score I-20
A2: P01 | B2: c | C2: b | D2: c | E2: c | F2: b | G2: b | H2: a | I2: d | J2: c | K2: a | L2: b | M2: d | N2: c | O2: b | P2: a | Q2: d | R2: c | S2: c | T2: a | U2: a | V2: =IF(B2='Diagnostic Test Answer Key'!$B$4, 1, 0) -> 0 | W2: =IF(C2='Diagnostic Test Answer Key'!$C$4, 1, 0) -> 0 | X2: =IF(D2='Diagnostic Test Answer Key'!$D$4, 1, 0) -> 0 | Y2: =IF(E2='Diagnostic Test Answer Key'!$E$4, 1, 0) -> 1 | Z2: =IF(F2='Diagnostic Test Answer Key'!$F$4, 1, 0) -> 1 | AA2: =IF(G2='Diagnostic Test Answer Key'!$G$4, 1, 0) -> 0 | AB2: =IF(H2='Diagnostic Test Answer Key'!$H$4, 1, 0) -> 1 | AC2: =IF(I2='Diagnostic Test Answer Key'!$I$4, 1, 0) -> 0 | AD2: =IF(J2='Diagnostic Test Answer Key'!$J$4, 1, 0) -> 0 | AE2: =IF(K2='Diagnostic Test Answer Key'!$K$4, 1, 0) -> 0 | AF2: =IF(L2='Diagnostic Test Answer Key'!$L$4, 1, 0) -> 0 | AG2: =IF(M2='Diagnostic Test Answer Key'!$M$4, 1, 0) -> 0 | AH2: =IF(N2='Diagnostic Test Answer Key'!$N$4, 1, 0) -> 0 | AI2: =IF(O2='Diagnostic Test Answer Key'!$O$4, 1, 0) -> 0 | AJ2: =IF(P2='Diagnostic Test Answer Key'!$P$4, 1, 0) -> 1 | AK2: =IF(Q2='Diagnostic Test Answer Key'!$Q$4, 1, 0) -> 0 | AL2: =IF(R2='Diagnostic Test Answer Key'!$R$4, 1, 0) -> 0 | AM2: =IF(S2='Diagnostic Test Answer Key'!$S$4, 1, 0) -> 1 | AN2: =IF(T2='Diagnostic Test Answer Key'!$T$4, 1, 0) -> 0 | AO2: =IF(U2='Diagnostic Test Answer Key'!$U$4, 1, 0) -> 1
A3: P02 | B3: d | C3: b | D3: c | E3: b | F3: b | G3: c | H3: a | I3: a | J3: b | K3: d | L3: d | M3: a | N3: b | O3: b | P3: a | Q3: d | R3: a | S3: c | T3: c | U3: a | V3: =IF(B3='Diagnostic Test Answer Key'!$B$4, 1, 0) -> 0 | W3: =IF(C3='Diagnostic Test Answer Key'!$C$4, 1, 0) -> 0 | X3: =IF(D3='Diagnostic Test Answer Key'!$D$4, 1, 0) -> 0 | Y3: =IF(E3='Diagnostic Test Answer Key'!$E$4, 1, 0) -> 0 | Z3: =IF(F3='Diagnostic Test Answer Key'!$F$4, 1, 0) -> 1 | AA3: =IF(G3='Diagnostic Test Answer Key'!$G$4, 1, 0) -> 1 | AB3: =IF(H3='Diagnostic Test Answer Key'!$H$4, 1, 0) -> 1 | AC3: =IF(I3='Diagnostic Test Answer Key'!$I$4, 1, 0) -> 1 | AD3: =IF(J3='Diagnostic Test Answer Key'!$J$4, 1, 0) -> 0 | AE3: =IF(K3='Diagnostic Test Answer Key'!$K$4, 1, 0) -> 0 | AF3: =IF(L3='Diagnostic Test Answer Key'!$L$4, 1, 0) -> 1 | AG3: =IF(M3='Diagnostic Test Answer Key'!$M$4, 1, 0) -> 0 | AH3: =IF(N3='Diagnostic Test Answer Key'!$N$4, 1, 0) -> 0 | AI3: =IF(O3='Diagnostic Test Answer Key'!$O$4, 1, 0) -> 0 | AJ3: =IF(P3='Diagnostic Test Answer Key'!$P$4, 1, 0) -> 1 | AK3: =IF(Q3='Diagnostic Test Answer Key'!$Q$4, 1, 0) -> 0 | AL3: =IF(R3='Diagnostic Test Answer Key'!$R$4, 1, 0) -> 1 | AM3: =IF(S3='Diagnostic Test Answer Key'!$S$4, 1, 0) -> 1 | AN3: =IF(T3='Diagnostic Test Answer Key'!$T$4, 1, 0) -> 1 | AO3: =IF(U3='Diagnostic Test Answer Key'!$U$4, 1, 0) -> 1
A4: P03 | B4: a | C4: b | D4: d | E4: b | F4: c | G4: d | H4: a | I4: d | J4: a | K4: a | L4: d | M4: c | N4: d | O4: b | P4: a | Q4: d | R4: a | S4: c | T4: c | U4: a | V4: =IF(B4='Diagnostic Test Answer Key'!$B$4, 1, 0) -> 0 | W4: =IF(C4='Diagnostic Test Answer Key'!$C$4, 1, 0) -> 0 | X4: =IF(D4='Diagnostic Test Answer Key'!$D$4, 1, 0) -> 1 | Y4: =IF(E4='Diagnostic Test Answer Key'!$E$4, 1, 0) -> 0 | Z4: =IF(F4='Diagnostic Test Answer Key'!$F$4, 1, 0) -> 0 | AA4: =IF(G4='Diagnostic Test Answer Key'!$G$4, 1, 0) -> 0 | AB4: =IF(H4='Diagnostic Test Answer Key'!$H$4, 1, 0) -> 1 | AC4: =IF(I4='Diagnostic Test Answer Key'!$I$4, 1, 0) -> 0 | AD4: =IF(J4='Diagnostic Test Answer Key'!$J$4, 1, 0) -> 1 | AE4: =IF(K4='Diagnostic Test Answer Key'!$K$4, 1, 0) -> 0 | AF4: =IF(L4='Diagnostic Test Answer Key'!$L$4, 1, 0) -> 1 | AG4: =IF(M4='Diagnostic Test Answer Key'!$M$4, 1, 0) -> 0 | AH4: =IF(N4='Diagnostic Test Answer Key'!$N$4, 1, 0) -> 0 | AI4: =IF(O4='Diagnostic Test Answer Key'!$O$4, 1, 0) -> 0 | AJ4: =IF(P4='Diagnostic Test Answer Key'!$P$4, 1, 0) -> 1 | AK4: =IF(Q4='Diagnostic Test Answer Key'!$Q$4, 1, 0) -> 0 | AL4: =IF(R4='Diagnostic Test Answer Key'!$R$4, 1, 0) -> 1 | AM4: =IF(S4='Diagnostic Test Answer Key'!$S$4, 1, 0) -> 1 | AN4: =IF(T4='Diagnostic Test Answer Key'!$T$4, 1, 0) -> 1 | AO4: =IF(U4='Diagnostic Test Answer Key'!$U$4, 1, 0) -> 1
A5: P04 | B5: a | C5: b | D5: c | E5: a | F5: b | G5: a | H5: c | I5: b | J5: a | K5: c | L5: b | M5: c | N5: d | O5: b | P5: a | Q5: c | R5: c | S5: a | T5: d | U5: a | V5: =IF(B5='Diagnostic Test Answer Key'!$B$4, 1, 0) -> 0 | W5: =IF(C5='Diagnostic Test Answer Key'!$C$4, 1, 0) -> 0 | X5: =IF(D5='Diagnostic Test Answer Key'!$D$4, 1, 0) -> 0 | Y5: =IF(E5='Diagnostic Test Answer Key'!$E$4, 1, 0) -> 0 | Z5: =IF(F5='Diagnostic Test Answer Key'!$F$4, 1, 0) -> 1 | AA5: =IF(G5='Diagnostic Test Answer Key'!$G$4, 1, 0) -> 0 | AB5: =IF(H5='Diagnostic Test Answer Key'!$H$4, 1, 0) -> 0 | AC5: =IF(I5='Diagnostic Test Answer Key'!$I$4, 1, 0) -> 0 | AD5: =IF(J5='Diagnostic Test Answer Key'!$J$4, 1, 0) -> 1 | AE5: =IF(K5='Diagnostic Test Answer Key'!$K$4, 1, 0) -> 0 | AF5: =IF(L5='Diagnostic Test Answer Key'!$L$4, 1, 0) -> 0 | AG5: =IF(M5='Diagnostic Test Answer Key'!$M$4, 1, 0) -> 0 | AH5: =IF(N5='Diagnostic Test Answer Key'!$N$4, 1, 0) -> 0 | AI5: =IF(O5='Diagnostic Test Answer Key'!$O$4, 1, 0) -> 0 | AJ5: =IF(P5='Diagnostic Test Answer Key'!$P$4, 1, 0) -> 1 | AK5: =IF(Q5='Diagnostic Test Answer Key'!$Q$4, 1, 0) -> 1 | AL5: =IF(R5='Diagnostic Test Answer Key'!$R$4, 1, 0) -> 0 | AM5: =IF(S5='Diagnostic Test Answer Key'!$S$4, 1, 0) -> 0 | AN5: =IF(T5='Diagnostic Test Answer Key'!$T$4, 1, 0) -> 0 | AO5: =IF(U5='Diagnostic Test Answer Key'!$U$4, 1, 0) -> 1
A6: P05 | B6: c | C6: d | D6: c | E6: c | F6: c | G6: c | H6: a | I6: d | J6: b | K6: b | L6: b | M6: d | N6: b | O6: b | P6: c | Q6: a | R6: d | S6: b | T6: c | U6: c | V6: =IF(B6='Diagnostic Test Answer Key'!$B$4, 1, 0) -> 0 | W6: =IF(C6='Diagnostic Test Answer Key'!$C$4, 1, 0) -> 0 | X6: =IF(D6='Diagnostic Test Answer Key'!$D$4, 1, 0) -> 0 | Y6: =IF(E6='Diagnostic Test Answer Key'!$E$4, 1, 0) -> 1 | Z6: =IF(F6='Diagnostic Test Answer Key'!$F$4, 1, 0) -> 0 | AA6: =IF(G6='Diagnostic Test Answer Key'!$G$4, 1, 0) -> 1 | AB6: =IF(H6='Diagnostic Test Answer Key'!$H$4, 1, 0) -> 1 | AC6: =IF(I6='Diagnostic Test Answer Key'!$I$4, 1, 0) -> 0 | AD6: =IF(J6='Diagnostic Test Answer Key'!$J$4, 1, 0) -> 0 | AE6: =IF(K6='Diagnostic Test Answer Key'!$K$4, 1, 0) -> 1 | AF6: =IF(L6='Diagnostic Test Answer Key'!$L$4, 1, 0) -> 0 | AG6: =IF(M6='Diagnostic Test Answer Key'!$M$4, 1, 0) -> 0 | AH6: =IF(N6='Diagnostic Test Answer Key'!$N$4, 1, 0) -> 0 | AI6: =IF(O6='Diagnostic Test Answer Key'!$O$4, 1, 0) -> 0 | AJ6: =IF(P6='Diagnostic Test Answer Key'!$P$4, 1, 0) -> 0 | AK6: =IF(Q6='Diagnostic Test Answer Key'!$Q$4, 1, 0) -> 0 | AL6: =IF(R6='Diagnostic Test Answer Key'!$R$4, 1, 0) -> 0 | AM6: =IF(S6='Diagnostic Test Answer Key'!$S$4, 1, 0) -> 0 | AN6: =IF(T6='Diagnostic Test Answer Key'!$T$4, 1, 0) -> 1 | AO6: =IF(U6='Diagnostic Test Answer Key'!$U$4, 1, 0) -> 0
A7: P06 | B7: a | C7: b | D7: b | E7: b | F7: blank | G7: b | H7: d | I7: a | J7: b | K7: a | L7: b | M7: c | N7: b | O7: b | P7: d | Q7: b | R7: b | S7: b | T7: b | U7: a | V7: =IF(B7='Diagnostic Test Answer Key'!$B$4, 1, 0) -> 0 | W7: =IF(C7='Diagnostic Test Answer Key'!$C$4, 1, 0) -> 0 | X7: =IF(D7='Diagnostic Test Answer Key'!$D$4, 1, 0) -> 0 | Y7: =IF(E7='Diagnostic Test Answer Key'!$E$4, 1, 0) -> 0 | Z7: =IF(F7='Diagnostic Test Answer Key'!$F$4, 1, 0) -> 0 | AA7: =IF(G7='Diagnostic Test Answer Key'!$G$4, 1, 0) -> 0 | AB7: =IF(H7='Diagnostic Test Answer Key'!$H$4, 1, 0) -> 0 | AC7: =IF(I7='Diagnostic Test Answer Key'!$I$4, 1, 0) -> 1 | AD7: =IF(J7='Diagnostic Test Answer Key'!$J$4, 1, 0) -> 0 | AE7: =IF(K7='Diagnostic Test Answer Key'!$K$4, 1, 0) -> 0 | AF7: =IF(L7='Diagnostic Test Answer Key'!$L$4, 1, 0) -> 0 | AG7: =IF(M7='Diagnostic Test Answer Key'!$M$4, 1, 0) -> 0 | AH7: =IF(N7='Diagnostic Test Answer Key'!$N$4, 1, 0) -> 0 | AI7: =IF(O7='Diagnostic Test Answer Key'!$O$4, 1, 0) -> 0 | AJ7: =IF(P7='Diagnostic Test Answer Key'!$P$4, 1, 0) -> 0 | AK7: =IF(Q7='Diagnostic Test Answer Key'!$Q$4, 1, 0) -> 0 | AL7: =IF(R7='Diagnostic Test Answer Key'!$R$4, 1, 0) -> 0 | AM7: =IF(S7='Diagnostic Test Answer Key'!$S$4, 1, 0) -> 0 | AN7: =IF(T7='Diagnostic Test Answer Key'!$T$4, 1, 0) -> 0 | AO7: =IF(U7='Diagnostic Test Answer Key'!$U$4, 1, 0) -> 1
A8: P07 | B8: c | C8: b | D8: b | E8: c | F8: a | G8: b | H8: d | I8: a | J8: b | K8: b | L8: b | M8: b | N8: c | O8: d | P8: b | Q8: c | R8: a | S8: c | T8: b | U8: a | V8: =IF(B8='Diagnostic Test Answer Key'!$B$4, 1, 0) -> 0 | W8: =IF(C8='Diagnostic Test Answer Key'!$C$4, 1, 0) -> 0 | X8: =IF(D8='Diagnostic Test Answer Key'!$D$4, 1, 0) -> 0 | Y8: =IF(E8='Diagnostic Test Answer Key'!$E$4, 1, 0) -> 1 | Z8: =IF(F8='Diagnostic Test Answer Key'!$F$4, 1, 0) -> 0 | AA8: =IF(G8='Diagnostic Test Answer Key'!$G$4, 1, 0) -> 0 | AB8: =IF(H8='Diagnostic Test Answer Key'!$H$4, 1, 0) -> 0 | AC8: =IF(I8='Diagnostic Test Answer Key'!$I$4, 1, 0) -> 1 | AD8: =IF(J8='Diagnostic Test Answer Key'!$J$4, 1, 0) -> 0 | AE8: =IF(K8='Diagnostic Test Answer Key'!$K$4, 1, 0) -> 1 | AF8: =IF(L8='Diagnostic Test Answer Key'!$L$4, 1, 0) -> 0 | AG8: =IF(M8='Diagnostic Test Answer Key'!$M$4, 1, 0) -> 1 | AH8: =IF(N8='Diagnostic Test Answer Key'!$N$4, 1, 0) -> 0 | AI8: =IF(O8='Diagnostic Test Answer Key'!$O$4, 1, 0) -> 0 | AJ8: =IF(P8='Diagnostic Test Answer Key'!$P$4, 1, 0) -> 0 | AK8: =IF(Q8='Diagnostic Test Answer Key'!$Q$4, 1, 0) -> 1 | AL8: =IF(R8='Diagnostic Test Answer Key'!$R$4, 1, 0) -> 1 | AM8: =IF(S8='Diagnostic Test Answer Key'!$S$4, 1, 0) -> 1 | AN8: =IF(T8='Diagnostic Test Answer Key'!$T$4, 1, 0) -> 0 | AO8: =IF(U8='Diagnostic Test Answer Key'!$U$4, 1, 0) -> 1
A9: P08 | B9: c | C9: b | D9: b | E9: c | F9: c | G9: b | H9: d | I9: a | J9: b | K9: c | L9: b | M9: c | N9: d | O9: c | P9: d | Q9: a | R9: a | S9: c | T9: c | U9: c | V9: =IF(B9='Diagnostic Test Answer Key'!$B$4, 1, 0) -> 0 | W9: =IF(C9='Diagnostic Test Answer Key'!$C$4, 1, 0) -> 0 | X9: =IF(D9='Diagnostic Test Answer Key'!$D$4, 1, 0) -> 0 | Y9: =IF(E9='Diagnostic Test Answer Key'!$E$4, 1, 0) -> 1 | Z9: =IF(F9='Diagnostic Test Answer Key'!$F$4, 1, 0) -> 0 | AA9: =IF(G9='Diagnostic Test Answer Key'!$G$4, 1, 0) -> 0 | AB9: =IF(H9='Diagnostic Test Answer Key'!$H$4, 1, 0) -> 0 | AC9: =IF(I9='Diagnostic Test Answer Key'!$I$4, 1, 0) -> 1 | AD9: =IF(J9='Diagnostic Test Answer Key'!$J$4, 1, 0) -> 0 | AE9: =IF(K9='Diagnostic Test Answer Key'!$K$4, 1, 0) -> 0 | AF9: =IF(L9='Diagnostic Test Answer Key'!$L$4, 1, 0) -> 0 | AG9: =IF(M9='Diagnostic Test Answer Key'!$M$4, 1, 0) -> 0 | AH9: =IF(N9='Diagnostic Test Answer Key'!$N$4, 1, 0) -> 0 | AI9: =IF(O9='Diagnostic Test Answer Key'!$O$4, 1, 0) -> 1 | AJ9: =IF(P9='Diagnostic Test Answer Key'!$P$4, 1, 0) -> 0 | AK9: =IF(Q9='Diagnostic Test Answer Key'!$Q$4, 1, 0) -> 0 | AL9: =IF(R9='Diagnostic Test Answer Key'!$R$4, 1, 0) -> 1 | AM9: =IF(S9='Diagnostic Test Answer Key'!$S$4, 1, 0) -> 1 | AN9: =IF(T9='Diagnostic Test Answer Key'!$T$4, 1, 0) -> 1 | AO9: =IF(U9='Diagnostic Test Answer Key'!$U$4, 1, 0) -> 0
A10: P09 | B10: a | C10: b | D10: c | E10: c | F10: b | G10: b | H10: a | I10: a | J10: b | K10: a | L10: b | M10: d | N10: d | O10: b | P10: d | Q10: b | R10: a | S10: b | T10: a | U10: a | V10: =IF(B10='Diagnostic Test Answer Key'!$B$4, 1, 0) -> 0 | W10: =IF(C10='Diagnostic Test Answer Key'!$C$4, 1, 0) -> 0 | X10: =IF(D10='Diagnostic Test Answer Key'!$D$4, 1, 0) -> 0 | Y10: =IF(E10='Diagnostic Test Answer Key'!$E$4, 1, 0) -> 1 | Z10: =IF(F10='Diagnostic Test Answer Key'!$F$4, 1, 0) -> 1 | AA10: =IF(G10='Diagnostic Test Answer Key'!$G$4, 1, 0) -> 0 | AB10: =IF(H10='Diagnostic Test Answer Key'!$H$4, 1, 0) -> 1 | AC10: =IF(I10='Diagnostic Test Answer Key'!$I$4, 1, 0) -> 1 | AD10: =IF(J10='Diagnostic Test Answer Key'!$J$4, 1, 0) -> 0 | AE10: =IF(K10='Diagnostic Test Answer Key'!$K$4, 1, 0) -> 0 | AF10: =IF(L10='Diagnostic Test Answer Key'!$L$4, 1, 0) -> 0 | AG10: =IF(M10='Diagnostic Test Answer Key'!$M$4, 1, 0) -> 0 | AH10: =IF(N10='Diagnostic Test Answer Key'!$N$4, 1, 0) -> 0 | AI10: =IF(O10='Diagnostic Test Answer Key'!$O$4, 1, 0) -> 0 | AJ10: =IF(P10='Diagnostic Test Answer Key'!$P$4, 1, 0) -> 0 | AK10: =IF(Q10='Diagnostic Test Answer Key'!$Q$4, 1, 0) -> 0 | AL10: =IF(R10='Diagnostic Test Answer Key'!$R$4, 1, 0) -> 1 | AM10: =IF(S10='Diagnostic Test Answer Key'!$S$4, 1, 0) -> 0 | AN10: =IF(T10='Diagnostic Test Answer Key'!$T$4, 1, 0) -> 0 | AO10: =IF(U10='Diagnostic Test Answer Key'!$U$4, 1, 0) -> 1
A11: P10 | B11: d | C11: blank | D11: c | E11: b | F11: d | G11: c | H11: c | I11: c | J11: b | K11: c | L11: c | M11: d | N11: d | O11: a | P11: a | Q11: c | R11: a | S11: c | T11: a | U11: a | V11: =IF(B11='Diagnostic Test Answer Key'!$B$4, 1, 0) -> 0 | W11: =IF(C11='Diagnostic Test Answer Key'!$C$4, 1, 0) -> 0 | X11: =IF(D11='Diagnostic Test Answer Key'!$D$4, 1, 0) -> 0 | Y11: =IF(E11='Diagnostic Test Answer Key'!$E$4, 1, 0) -> 0 | Z11: =IF(F11='Diagnostic Test Answer Key'!$F$4, 1, 0) -> 0 | AA11: =IF(G11='Diagnostic Test Answer Key'!$G$4, 1, 0) -> 1 | AB11: =IF(H11='Diagnostic Test Answer Key'!$H$4, 1, 0) -> 0 | AC11: =IF(I11='Diagnostic Test Answer Key'!$I$4, 1, 0) -> 0 | AD11: =IF(J11='Diagnostic Test Answer Key'!$J$4, 1, 0) -> 0 | AE11: =IF(K11='Diagnostic Test Answer Key'!$K$4, 1, 0) -> 0 | AF11: =IF(L11='Diagnostic Test Answer Key'!$L$4, 1, 0) -> 0 | AG11: =IF(M11='Diagnostic Test Answer Key'!$M$4, 1, 0) -> 0 | AH11: =IF(N11='Diagnostic Test Answer Key'!$N$4, 1, 0) -> 0 | AI11: =IF(O11='Diagnostic Test Answer Key'!$O$4, 1, 0) -> 0 | AJ11: =IF(P11='Diagnostic Test Answer Key'!$P$4, 1, 0) -> 1 | AK11: =IF(Q11='Diagnostic Test Answer Key'!$Q$4, 1, 0) -> 1 | AL11: =IF(R11='Diagnostic Test Answer Key'!$R$4, 1, 0) -> 1 | AM11: =IF(S11='Diagnostic Test Answer Key'!$S$4, 1, 0) -> 1 | AN11: =IF(T11='Diagnostic Test Answer Key'!$T$4, 1, 0) -> 0 | AO11: =IF(U11='Diagnostic Test Answer Key'!$U$4, 1, 0) -> 1
A12: P11 | B12: c | C12: b | D12: a | E12: b | F12: b | G12: a | H12: d | I12: b | J12: a | K12: d | L12: a | M12: b | N12: c | O12: b | P12: a | Q12: b | R12: d | S12: c | T12: c | U12: c | V12: =IF(B12='Diagnostic Test Answer Key'!$B$4, 1, 0) -> 0 | W12: =IF(C12='Diagnostic Test Answer Key'!$C$4, 1, 0) -> 0 | X12: =IF(D12='Diagnostic Test Answer Key'!$D$4, 1, 0) -> 0 | Y12: =IF(E12='Diagnostic Test Answer Key'!$E$4, 1, 0) -> 0 | Z12: =IF(F12='Diagnostic Test Answer Key'!$F$4, 1, 0) -> 1 | AA12: =IF(G12='Diagnostic Test Answer Key'!$G$4, 1, 0) -> 0 | AB12: =IF(H12='Diagnostic Test Answer Key'!$H$4, 1, 0) -> 0 | AC12: =IF(I12='Diagnostic Test Answer Key'!$I$4, 1, 0) -> 0 | AD12: =IF(J12='Diagnostic Test Answer Key'!$J$4, 1, 0) -> 1 | AE12: =IF(K12='Diagnostic Test Answer Key'!$K$4, 1, 0) -> 0 | AF12: =IF(L12='Diagnostic Test Answer Key'!$L$4, 1, 0) -> 0 | AG12: =IF(M12='Diagnostic Test Answer Key'!$M$4, 1, 0) -> 1 | AH12: =IF(N12='Diagnostic Test Answer Key'!$N$4, 1, 0) -> 0 | AI12: =IF(O12='Diagnostic Test Answer Key'!$O$4, 1, 0) -> 0 | AJ12: =IF(P12='Diagnostic Test Answer Key'!$P$4, 1, 0) -> 1 | AK12: =IF(Q12='Diagnostic Test Answer Key'!$Q$4, 1, 0) -> 0 | AL12: =IF(R12='Diagnostic Test Answer Key'!$R$4, 1, 0) -> 0 | AM12: =IF(S12='Diagnostic Test Answer Key'!$S$4, 1, 0) -> 1 | AN12: =IF(T12='Diagnostic Test Answer Key'!$T$4, 1, 0) -> 1 | AO12: =IF(U12='Diagnostic Test Answer Key'!$U$4, 1, 0) -> 0

Sheet Diagnostic Test Answer Key
A1: Strand | B1: I-1 | C1: I-2 | D1: I-3 | E1: I-4 | F1: I-5 | G1: I-6 | H1: I-7 | I1: I-8 | J1: I-9 | K1: I-10 | L1: I-11 | M1: I-12 | N1: I-13 | O1: I-14 | P1: I-15 | Q1: I-16 | R1: I-17 | S1: I-18 | T1: I-19 | U1: I-20
A2: LS1-EN | B2: c | C2: d | D2: c | E2: c | F2: d | G2: a | H2: d | I2: b | J2: c | K2: a | L2: b | M2: c | N2: a | O2: d | P2: c | Q2: b | R2: d | S2: b | T2: a | U2: b
A3: LS1-FIL | B3: a | C3: c | D3: c | E3: d | F3: d | G3: a | H3: a | I3: d | J3: b | K3: b | L3: d | M3: d | N3: d | O3: d | P3: c | Q3: d | R3: d | S3: b | T3: a | U3: c
A4: LS3 | B4: b | C4: a | D4: d | E4: c | F4: b | G4: c | H4: a | I4: a | J4: a | K4: b | L4: d | M4: b | N4: a | O4: c | P4: a | Q4: c | R4: a | S4: c | T4: c | U4: a
